target_hz,measured_hz,active_seconds,connected_channels,frames_per_channel_per_s,frames_all_channels_per_s,busy_count,busy_per_channel_per_s,full_count,full_per_channel_per_s,continuations_count,continuations_per_channel_per_s,continuation_rejected_count,continuation_rejected_per_channel_per_s,merged_count,merged_per_channel_per_s,overflow_count,overflow_per_channel_per_s,no_connected_rejections
40000,39957.21,10.798844665056095,16,39922.92239326887,638766.7582923019,0,0.0,0,0.0,0,0.0,0,0.0,15325857,88700.79089104338,0,0.0,1
50000,49857.36,10.795492652105168,16,49862.991884398165,797807.8701503706,0,0.0,0,0.0,0,0.0,0,0.0,19134890,110780.55106329848,0,0.0,1
60000,59728.269,10.798280460061505,16,59728.54334405076,955656.6935048122,0,0.0,0,0.0,0,0.0,0,0.0,22930016,132717.98276591874,0,0.0,1
70000,69798.797,10.795189448981546,16,69806.98472791463,1116911.7556466341,0,0.0,0,0.0,0,0.0,0,0.0,26789310,155099.8139414739,0,0.0,1
80000,79651.75,10.802841825061478,16,79662.31954850478,1274597.1127760764,0,0.0,0,0.0,0,0.0,0,0.0,30597419,177021.81689484444,0,0.0,1
90000,89415.075,10.789808075060137,16,89438.76070702226,1431020.1713123561,0,0.0,0,0.0,0,0.0,0,0.0,34307840,198728.27997341825,0,0.0,1
100000,99726.29,10.79691097594332,16,99759.09451322445,1596145.5122115912,0,0.0,0,0.0,0,0.0,0,0.0,38289535,221646.35263105118,0,0.0,1
110000,109866.088,10.788191778003238,16,109882.13658910395,1758114.1854256631,0,0.0,0,0.0,0,0.0,0,0.0,42134019,244098.0139850096,0,0.0,1
120000,119216.009,10.816417720983736,16,119227.79410582077,1907644.7056931322,0,0.0,0,0.0,0,0.0,0,0.0,45849581,264930.4868228941,0,0.0,1
130000,129360.895,10.814268409041688,16,124007.82228400768,1984125.1565441228,0,0.0,3148902,18198.769214517775,0,0.0,0,0.0,47524124,274660.99764239264,0,0.0,0
